trackingNumber,userEmail,type,description
INPOST0001,roman.wojcik.1@example.com,DAMAGED,Test complaint created from generated CSV data
INPOST0002,marek.mazur.2@example.com,DAMAGED,Test complaint created from generated CSV data
INPOST0003,piotr.kowalski.3@example.com,DAMAGED,Test complaint created from generated CSV data
INPOST0004,natalia.mazur.4@example.com,DAMAGED,Test complaint created from generated CSV data
INPOST0005,anna.kowalski.5@example.com,DAMAGED,Test complaint created from generated CSV data
INPOST0006,iryna.nowak.6@example.com,DAMAGED,Test complaint created from generated CSV data
INPOST0007,maria.krawczyk.7@example.com,DAMAGED,Test complaint created from generated CSV data
INPOST0008,oleksii.wisniewski.8@example.com,DAMAGED,Test complaint created from generated CSV data
INPOST0009,paulina.wojcik.9@example.com,DAMAGED,Test complaint created from generated CSV data
INPOST0010,natalia.zielinski.10@example.com,DAMAGED,Test complaint created from generated CSV data
INPOST0011,roman.wisniewski.11@example.com,DAMAGED,Test complaint created from generated CSV data
INPOST0012,maria.krawczyk.12@example.com,DAMAGED,Test complaint created from generated CSV data
INPOST0013,marek.mazur.13@example.com,DAMAGED,Test complaint created from generated CSV data
INPOST0014,katarzyna.wojcik.14@example.com,DAMAGED,Test complaint created from generated CSV data
INPOST0015,michal.wojcik.15@example.com,DAMAGED,Test complaint created from generated CSV data
INPOST0016,anna.wisniewski.16@example.com,DAMAGED,Test complaint created from generated CSV data
INPOST0017,paulina.krawczyk.17@example.com,DAMAGED,Test complaint created from generated CSV data
INPOST0018,paulina.wisniewski.18@example.com,DAMAGED,Test complaint created from generated CSV data
INPOST0019,iryna.wisniewski.19@example.com,DAMAGED,Test complaint created from generated CSV data
INPOST0020,oleksii.kowalski.20@example.com,DAMAGED,Test complaint created from generated CSV data
INPOST0021,maria.krawczyk.21@example.com,DAMAGED,Test complaint created from generated CSV data
INPOST0022,katarzyna.wojcik.22@example.com,DAMAGED,Test complaint created from generated CSV data
INPOST0023,oleksii.nowak.23@example.com,DAMAGED,Test complaint created from generated CSV data
INPOST0024,paulina.mazur.24@example.com,DAMAGED,Test complaint created from generated CSV data
INPOST0025,katarzyna.kowalski.25@example.com,DAMAGED,Test complaint created from generated CSV data
INPOST0026,katarzyna.wisniewski.26@example.com,DAMAGED,Test complaint created from generated CSV data
INPOST0027,paulina.wojcik.27@example.com,DAMAGED,Test complaint created from generated CSV data
INPOST0028,iryna.kowalski.28@example.com,DAMAGED,Test complaint created from generated CSV data
INPOST0029,paulina.krawczyk.29@example.com,DAMAGED,Test complaint created from generated CSV data
INPOST0030,michal.kowalski.30@example.com,DAMAGED,Test complaint created from generated CSV data
INPOST0031,michal.wojcik.31@example.com,DAMAGED,Test complaint created from generated CSV data
INPOST0032,michal.shevchenko.32@example.com,DAMAGED,Test complaint created from generated CSV data
INPOST0033,oleksii.kowalski.33@example.com,DAMAGED,Test complaint created from generated CSV data
INPOST0034,natalia.krawczyk.34@example.com,DAMAGED,Test complaint created from generated CSV data
INPOST0035,paulina.wojcik.35@example.com,DAMAGED,Test complaint created from generated CSV data
INPOST0036,piotr.kowalski.36@example.com,DAMAGED,Test complaint created from generated CSV data
INPOST0037,marek.kowalski.37@example.com,DAMAGED,Test complaint created from generated CSV data
INPOST0038,jan.wojcik.38@example.com,DAMAGED,Test complaint created from generated CSV data
INPOST0039,anna.wojcik.39@example.com,DAMAGED,Test complaint created from generated CSV data
INPOST0040,katarzyna.lewandowski.40@example.com,DAMAGED,Test complaint created from generated CSV data
INPOST0041,michal.krawczyk.41@example.com,DAMAGED,Test complaint created from generated CSV data
INPOST0042,katarzyna.koval.42@example.com,DAMAGED,Test complaint created from generated CSV data
INPOST0043,michal.wisniewski.43@example.com,DAMAGED,Test complaint created from generated CSV data
INPOST0044,oleksii.wisniewski.44@example.com,DAMAGED,Test complaint created from generated CSV data
INPOST0045,michal.wisniewski.45@example.com,DAMAGED,Test complaint created from generated CSV data
INPOST0046,iryna.shevchenko.46@example.com,DAMAGED,Test complaint created from generated CSV data
INPOST0047,oleksii.mazur.47@example.com,DAMAGED,Test complaint created from generated CSV data
INPOST0048,paulina.mazur.48@example.com,DAMAGED,Test complaint created from generated CSV data
INPOST0049,jan.wojcik.49@example.com,DAMAGED,Test complaint created from generated CSV data
INPOST0050,katarzyna.krawczyk.50@example.com,DAMAGED,Test complaint created from generated CSV data
INPOST0051,marek.mazur.51@example.com,DAMAGED,Test complaint created from generated CSV data
INPOST0052,marek.wojcik.52@example.com,DAMAGED,Test complaint created from generated CSV data
INPOST0053,marek.nowak.53@example.com,DAMAGED,Test complaint created from generated CSV data
INPOST0054,piotr.mazur.54@example.com,DAMAGED,Test complaint created from generated CSV data
INPOST0055,maria.wojcik.55@example.com,DAMAGED,Test complaint created from generated CSV data
INPOST0056,maria.koval.56@example.com,DAMAGED,Test complaint created from generated CSV data
INPOST0057,paulina.kowalski.57@example.com,DAMAGED,Test complaint created from generated CSV data
INPOST0058,michal.shevchenko.58@example.com,DAMAGED,Test complaint created from generated CSV data
INPOST0059,natalia.nowak.59@example.com,DAMAGED,Test complaint created from generated CSV data
INPOST0060,natalia.kowalski.60@example.com,DAMAGED,Test complaint created from generated CSV data
INPOST0061,michal.wisniewski.61@example.com,DAMAGED,Test complaint created from generated CSV data
INPOST0062,natalia.nowak.62@example.com,DAMAGED,Test complaint created from generated CSV data
INPOST0063,anna.kowalski.63@example.com,DAMAGED,Test complaint created from generated CSV data
INPOST0064,roman.wisniewski.64@example.com,DAMAGED,Test complaint created from generated CSV data
INPOST0065,iryna.wojcik.65@example.com,DAMAGED,Test complaint created from generated CSV data
INPOST0066,iryna.wisniewski.66@example.com,DAMAGED,Test complaint created from generated CSV data
INPOST0067,katarzyna.shevchenko.67@example.com,DAMAGED,Test complaint created from generated CSV data
INPOST0068,piotr.nowak.68@example.com,DAMAGED,Test complaint created from generated CSV data
INPOST0069,piotr.koval.69@example.com,DAMAGED,Test complaint created from generated CSV data
INPOST0070,michal.kowalski.70@example.com,DAMAGED,Test complaint created from generated CSV data
INPOST0071,oleksii.krawczyk.71@example.com,DAMAGED,Test complaint created from generated CSV data
INPOST0072,paulina.lewandowski.72@example.com,DAMAGED,Test complaint created from generated CSV data
INPOST0073,paulina.wisniewski.73@example.com,DAMAGED,Test complaint created from generated CSV data
INPOST0074,roman.zielinski.74@example.com,DAMAGED,Test complaint created from generated CSV data
INPOST0075,michal.mazur.75@example.com,DAMAGED,Test complaint created from generated CSV data
